book_id,title,author,genre,published_year,price,stock
1,The Dark Kingdom,Sophia Jackson,Science,2011,132.78,82
2,The Golden Shadows,Michael Johnson,Science,1988,147.55,31
3,The Forgotten Forest,Evelyn Anderson,History,1992,96.61,164
4,The Eternal Kingdom,Noah Taylor,Fiction,2016,107.91,41
5,The Golden Dreams,Alexander Thomas,Science,2005,68.26,105
6,The Silent Dreams,Ethan Gonzalez,Fiction,2019,74.32,164
7,The Sacred Forest,Mia Wilson,Fantasy,1970,29.02,160
8,The Golden Secrets,Olivia Jones,Science,1972,101.46,195
9,The Dark Secrets,Mia Martinez,Science,1972,14.15,28
10,The Sacred Kingdom,Isabella Smith,Fantasy,2011,144.16,73
11,The Whispering River,Isabella Anderson,Fiction,1971,6.77,77
12,The Sacred Kingdom,Emma Brown,Fantasy,1995,132.95,127
13,The Lost River,Olivia Taylor,Fiction,1971,119.53,173
14,The Whispering Journey,Lucas Lopez,Fiction,1982,35.1,168
15,The Dark Stars,Emma Williams,Science,1995,77.95,153
16,The Whispering Secrets,Amelia Taylor,Fantasy,1996,124.7,42
17,The Forgotten Journey,Emma Hernandez,Science,1994,123.56,8
18,The Dark Kingdom,Evelyn Martinez,Non-Fiction,2011,76.33,25
19,The Broken Journey,John Miller,Science,1969,65.06,174
20,The Dark Journey,Daniel Gonzalez,Fiction,1992,21.39,54
21,The Silent Kingdom,Amelia Smith,Non-Fiction,1955,117.19,176
22,The Broken Shadows,James Hernandez,Fiction,1988,120.52,46
23,The Forgotten Empire,Emma Miller,Non-Fiction,1970,61.91,19
24,The Forgotten Secrets,Harper Martin,Science,2005,15.57,178
25,The Lost Shadows,James Garcia,History,1993,100.08,168
26,The Eternal Legends,Evelyn Garcia,Non-Fiction,1992,94.49,17
27,The Silent Forest,Mia Jackson,Science,2019,74.19,144
28,The Sacred Shadows,Isabella Brown,Fantasy,1994,72.45,60
29,The Eternal Secrets,Mia Rodriguez,Fantasy,1964,84.97,72
30,The Forgotten Dreams,Lucas Martin,Fantasy,2012,71.46,126
31,The Sacred Stars,Liam Hernandez,Science,1997,128.59,44
32,The Hidden Dreams,Emma Hernandez,Science,1976,67.83,36
33,The Hidden River,Harper Miller,Science,2015,144.95,40
34,The Lost Empire,Michael Miller,Non-Fiction,1970,52.26,35
35,The Sacred Stars,Olivia Anderson,Fiction,2013,67.68,24
36,The Eternal Empire,Mia Brown,Fantasy,1970,83.82,97
37,The Hidden Forest,James Smith,Fantasy,1998,127.76,188
38,The Silent Journey,Amelia Johnson,Fiction,1999,67.36,84
39,The Eternal Legends,Daniel Williams,Fantasy,2022,117.01,121
40,The Lost Empire,Daniel Williams,History,2022,141.98,25
41,The Hidden Dreams,Charlotte Thomas,Fantasy,1964,142.18,130
42,The Dark River,Charlotte Brown,History,2010,134.44,21
43,The Forgotten Shadows,Michael Johnson,Science,1997,93.66,151
44,The Golden River,Ethan Johnson,Science,1998,18.8,53
45,The Silent Secrets,Ava Taylor,Science,2018,97.15,100
46,The Broken Forest,John Rodriguez,History,2009,127.27,42
47,The Sacred Empire,Amelia Johnson,History,2013,81.53,136
48,The Lost Shadows,Charlotte Rodriguez,Non-Fiction,1981,37.92,129
49,The Sacred Stars,Daniel Brown,Science,2007,29.69,194
50,The Silent River,Mia Anderson,Fantasy,1977,117.82,180
51,The Hidden Secrets,Ethan Thomas,Fiction,1973,128.76,80
52,The Broken Kingdom,Harper Taylor,Science,1965,117.45,133
53,The Sacred Empire,Amelia Thomas,History,1989,72.25,24
54,The Golden Stars,Ava Taylor,Non-Fiction,2006,80.64,98
55,The Silent Journey,Harper Jackson,Fiction,1988,58.75,98
56,The Golden River,Daniel Rodriguez,Fantasy,2020,10,42
57,The Whispering Secrets,Amelia Moore,Fantasy,1979,93.1,161
58,The Silent Stars,Liam Johnson,Fiction,1997,34.29,47
59,The Broken Legends,Mia Rodriguez,Fantasy,1960,84.53,114
60,The Dark Shadows,Charlotte Jones,Fiction,1970,41.59,176
61,The Dark Legends,Alexander Wilson,Fiction,2011,30.81,133
62,The Golden River,Michael Jackson,Fantasy,1991,83.18,79
63,The Golden Legends,Emma Davis,Science,2001,54.35,164
64,The Dark Dreams,Olivia Martin,History,1970,146.24,197
65,The Whispering Legends,Daniel Martinez,Science,2009,95.37,33
66,The Lost Kingdom,John Thomas,Science,2005,14.54,39
67,The Dark River,Charlotte Martinez,History,1963,52.52,152
68,The Sacred River,Olivia Rodriguez,Science,2003,102.05,147
69,The Hidden Kingdom,Michael Hernandez,Non-Fiction,1999,136.77,135
70,The Golden Kingdom,Mia Williams,Science,1996,97.7,64
71,The Forgotten Kingdom,Ava Hernandez,Non-Fiction,1995,59.56,141
72,The Silent Shadows,Harper Anderson,Non-Fiction,1952,55.79,144
73,The Dark Legends,Charlotte Miller,Fantasy,1957,81.57,16
74,The Broken Shadows,John Taylor,Fiction,1957,60.62,7
75,The Eternal Stars,Michael Moore,Non-Fiction,2025,15.53,50
76,The Dark Kingdom,Noah Jones,Non-Fiction,2005,111.49,94
77,The Hidden Dreams,Alexander Taylor,Fiction,1998,102.11,143
78,The Dark Stars,Henry Wilson,Fantasy,2025,145.9,40
79,The Whispering Journey,Amelia Jackson,History,1957,149.2,36
80,The Eternal Secrets,Henry Wilson,Science,1984,77.67,34
81,The Broken Dreams,Ava Thomas,Fantasy,2003,142.5,124
82,The Golden Stars,Emma Taylor,Fantasy,2005,141.95,173
83,The Broken River,John Garcia,Fiction,1972,23.41,89
84,The Forgotten Legends,Liam Lopez,Science,1984,13.36,88
85,The Forgotten Secrets,Harper Garcia,Science,2010,64.94,130
86,The Silent Shadows,Michael Lopez,History,1951,39.37,156
87,The Eternal Secrets,Amelia Garcia,Fantasy,1959,81.77,111
88,The Sacred Journey,Daniel Anderson,History,1967,107.22,6
89,The Dark Legends,Alexander Hernandez,Non-Fiction,1952,128.57,13
90,The Sacred Journey,Mia Moore,Science,2024,19.11,153
91,The Sacred Kingdom,Noah Davis,History,2007,137.17,142
92,The Broken Forest,Emma Williams,Science,2022,93.07,44
93,The Hidden Forest,Ava Smith,Non-Fiction,2004,139.58,173
94,The Sacred Empire,Isabella Brown,Non-Fiction,1962,27.87,149
95,The Lost Forest,Lucas Moore,Non-Fiction,1950,77.34,175
96,The Broken Kingdom,Noah Rodriguez,Fantasy,2010,70.1,164
97,The Broken River,John Brown,Non-Fiction,1967,30.56,102
98,The Dark Kingdom,Daniel Martinez,Fantasy,2020,42.76,12
99,The Dark Secrets,Amelia Johnson,Fiction,2000,109.3,100
100,The Broken Empire,Amelia Garcia,Science,1958,131.46,113
101,The Silent Kingdom,Evelyn Jones,History,1996,140.3,71
102,The Broken Shadows,Ava Taylor,Non-Fiction,1968,123.13,72
103,The Hidden Forest,Alexander Johnson,Non-Fiction,1992,63.65,9
104,The Hidden Journey,James Taylor,Fiction,2024,110.22,101
105,The Forgotten Dreams,Liam Wilson,History,1983,107.41,112
106,The Dark Secrets,Alexander Gonzalez,Fiction,1972,93.88,104
107,The Silent River,Noah Brown,Science,2008,87.61,159
108,The Golden Legends,Sophia Taylor,Science,1974,130.42,45
109,The Whispering Journey,Henry Anderson,Science,2008,130.33,111
110,The Silent Empire,Michael Jones,History,1990,63.05,147
111,The Silent Kingdom,Lucas Gonzalez,History,2022,121.32,72
112,The Whispering Secrets,Isabella Johnson,Fantasy,2021,58.02,161
113,The Hidden Secrets,Daniel Martin,Non-Fiction,1986,127.44,142
114,The Whispering Legends,Liam Martin,Fantasy,1979,65.03,56
115,The Hidden Dreams,Isabella Brown,Fantasy,1993,98.82,41
116,The Dark Stars,Mia Gonzalez,Science,1982,54.06,164
117,The Hidden Shadows,Olivia Davis,Non-Fiction,1986,104.63,182
118,The Silent Dreams,Henry Rodriguez,History,1956,69.25,127
119,The Broken Legends,Olivia Hernandez,Non-Fiction,2014,97.99,118
120,The Hidden Stars,Emma Lopez,Non-Fiction,1966,92.94,32
121,The Silent Journey,John Miller,Fiction,1955,43.99,67
122,The Whispering Kingdom,Lucas Gonzalez,Non-Fiction,2008,92.51,167
123,The Broken Dreams,Daniel Smith,Non-Fiction,2004,41.24,46
124,The Hidden River,Alexander Martinez,History,1950,140.87,72
125,The Silent Empire,Ava Johnson,Fiction,1982,37.74,99
126,The Lost River,James Jackson,Fiction,1983,76.1,144
127,The Whispering Forest,Alexander Miller,Fiction,1959,87.36,180
128,The Eternal Journey,Olivia Gonzalez,Non-Fiction,1962,102.87,4
129,The Whispering Secrets,Sophia Smith,Non-Fiction,1983,18.48,150
130,The Golden River,Harper Jones,Non-Fiction,1985,147.73,2
131,The Golden Stars,Mia Moore,Fiction,2004,109.3,70
132,The Whispering Kingdom,Lucas Anderson,Fiction,2017,120.63,106
133,The Sacred Empire,Alexander Anderson,Fantasy,2017,100.89,176
134,The Hidden River,Alexander Wilson,Science,1988,121.43,115
135,The Dark River,Michael Williams,Non-Fiction,1973,87.9,164
136,The Dark Kingdom,John Moore,History,1960,9.86,110
137,The Broken Journey,Olivia Jones,History,2009,37.63,191
138,The Forgotten River,Ethan Thomas,Non-Fiction,1971,133.71,181
139,The Hidden River,Michael Thomas,Fiction,2002,78.4,197
140,The Lost Dreams,John Rodriguez,Science,2011,128.99,125
141,The Whispering Dreams,Liam Jackson,Fiction,2004,112.66,180
142,The Broken Journey,Olivia Moore,Non-Fiction,1957,103.67,137
143,The Forgotten Journey,Henry Wilson,History,1974,35.6,196
144,The Hidden Kingdom,Evelyn Taylor,Science,2008,128.12,71
145,The Golden Stars,Michael Williams,History,2008,41.53,37
146,The Lost Shadows,Alexander Miller,History,1994,93.28,100
147,The Forgotten Kingdom,Noah Martinez,History,2010,149.35,50
148,The Hidden Secrets,John Martinez,Non-Fiction,1996,91.69,55
149,The Eternal Shadows,Harper Brown,History,2018,77.53,42
150,The Sacred Stars,Amelia Miller,Science,2000,122.05,33
151,The Eternal Shadows,Harper Brown,Fantasy,1968,123.94,75
152,The Broken Secrets,James Anderson,Fantasy,1980,61.64,36
153,The Silent Stars,Emma Rodriguez,Non-Fiction,1956,104.9,53
154,The Golden Kingdom,Daniel Thomas,History,2017,60.47,109
155,The Lost Empire,Harper Martinez,Science,1961,86.55,36
156,The Sacred Kingdom,Amelia Hernandez,History,2008,100.77,75
157,The Hidden River,Charlotte Anderson,Non-Fiction,1994,64.73,33
158,The Hidden Shadows,Ethan Anderson,Fiction,1999,63.18,21
159,The Broken Dreams,Ethan Williams,History,1985,111.36,141
160,The Whispering Secrets,Ava Davis,History,1989,126.99,97
161,The Broken Journey,Harper Anderson,Non-Fiction,1986,131.58,24
162,The Broken Shadows,Harper Wilson,History,1956,56.73,13
163,The Eternal Journey,Ava Williams,Non-Fiction,1992,44.78,84
164,The Sacred Journey,Sophia Wilson,History,2020,118.41,48
165,The Golden Legends,Alexander Anderson,Fiction,1979,133.57,11
166,The Whispering Empire,Lucas Brown,Non-Fiction,2017,117.7,176
167,The Hidden Secrets,Liam Anderson,Non-Fiction,1967,78.21,117
168,The Silent Legends,Lucas Thomas,Fiction,1976,21.81,30
169,The Silent Legends,Liam Smith,Fiction,2024,132.22,99
170,The Sacred Journey,Isabella Martin,Non-Fiction,1952,27.48,75
171,The Silent Forest,Harper Taylor,Science,1960,142.35,117
172,The Whispering Empire,Mia Brown,Fantasy,2011,48.01,74
173,The Broken Shadows,Ethan Gonzalez,History,1997,118.5,148
174,The Lost Journey,Emma Anderson,History,1988,103.37,119
175,The Forgotten Stars,Daniel Gonzalez,History,2004,28.67,77
176,The Eternal Forest,Isabella Hernandez,Non-Fiction,1991,100.33,35
177,The Eternal Empire,Ava Williams,Fantasy,1967,20.8,43
178,The Golden Kingdom,Noah Davis,History,2007,66.48,184
179,The Eternal Dreams,Alexander Smith,Fiction,1971,20.58,21
180,The Dark Dreams,Mia Hernandez,Fiction,1973,97.56,200
181,The Whispering Shadows,Harper Brown,Science,2015,38.73,187
182,The Broken Shadows,Ava Miller,History,2014,87.91,195
183,The Silent Legends,Henry Davis,Fantasy,2003,5.03,10
184,The Eternal Stars,Olivia Gonzalez,Fantasy,1959,101.74,197
185,The Dark Kingdom,Henry Jones,Fiction,2022,41.17,156
186,The Lost River,John Martinez,Fantasy,1982,119.18,43
187,The Golden Stars,Lucas Rodriguez,Non-Fiction,1982,67.26,74
188,The Dark Journey,Evelyn Jones,History,1966,114.45,155
189,The Forgotten River,Alexander Martinez,Fiction,1976,78.75,155
190,The Lost Stars,Alexander Davis,Non-Fiction,1997,127.73,130
191,The Golden Journey,Mia Anderson,Fantasy,1998,96.35,55
192,The Lost Stars,Mia Rodriguez,Non-Fiction,2007,112.5,10
193,The Silent Journey,James Taylor,Science,1955,94.43,3
194,The Forgotten Dreams,Olivia Martinez,Fiction,1951,141.76,43
195,The Lost Empire,Noah Garcia,Non-Fiction,1961,112.34,9
196,The Eternal Kingdom,Daniel Smith,Science,1968,78.42,22
197,The Dark Legends,Henry Hernandez,Non-Fiction,2020,55.75,98
198,The Golden Kingdom,Mia Martinez,History,2017,122.49,80
199,The Broken Secrets,James Gonzalez,Fantasy,1969,120.77,22
200,The Broken Shadows,Evelyn Smith,Science,1966,65.37,133
201,The Sacred Dreams,Ethan Moore,Non-Fiction,1966,115.3,77
202,The Golden Forest,Lucas Williams,Fiction,1970,95.09,54
203,The Golden Empire,Mia Wilson,Fantasy,1989,147.74,176
204,The Hidden Legends,Liam Hernandez,History,2008,8.33,190
205,The Golden Dreams,Michael Gonzalez,Fantasy,2016,91.63,91
206,The Eternal River,Henry Taylor,History,1972,10.37,92
207,The Eternal Empire,John Lopez,History,1977,56.18,73
208,The Eternal Kingdom,Emma Lopez,Science,1969,22.41,200
209,The Broken Stars,Amelia Anderson,Science,2001,116.37,193
210,The Sacred Legends,Harper Brown,Non-Fiction,1956,76.34,192
211,The Broken Shadows,Daniel Smith,History,1969,95.52,157
212,The Lost Empire,Amelia Smith,Non-Fiction,2002,36.55,72
213,The Forgotten Stars,Ava Rodriguez,Science,1978,35.66,50
214,The Hidden River,Liam Miller,Fiction,2022,66.47,55
215,The Eternal Empire,James Brown,Non-Fiction,1967,84.77,23
216,The Dark Forest,Liam Taylor,Non-Fiction,1983,94.81,31
217,The Hidden Forest,Lucas Johnson,History,1983,121.39,124
218,The Whispering Secrets,Charlotte Johnson,Science,1951,122.38,120
219,The Sacred Secrets,Emma Smith,Fantasy,2003,29.28,159
220,The Whispering River,Evelyn Martin,Fantasy,2005,127.85,22
221,The Lost Legends,Daniel Gonzalez,Fantasy,2006,16.01,123
222,The Golden Kingdom,Isabella Moore,Non-Fiction,1962,99.92,75
223,The Broken Secrets,Emma Taylor,History,1971,64.87,95
224,The Silent Legends,Mia Brown,Fiction,1982,141.32,184
225,The Hidden Dreams,Isabella Garcia,History,2002,73.49,21
226,The Whispering Dreams,James Garcia,Fantasy,1956,37.92,65
227,The Hidden River,Ethan Garcia,History,1992,139.01,108
228,The Forgotten River,Charlotte Wilson,Non-Fiction,2023,46.89,81
229,The Lost Empire,Amelia Hernandez,Fiction,1955,6.48,156
230,The Hidden Forest,Emma Hernandez,Fiction,1963,53.47,160
231,The Hidden Stars,Ethan Moore,Science,1994,19.99,73
232,The Broken Dreams,Mia Garcia,Fiction,1998,56.81,16
233,The Whispering Journey,Noah Thomas,Non-Fiction,1953,47.99,95
234,The Dark Legends,Daniel Moore,History,1971,144.4,152
235,The Whispering Kingdom,Evelyn Jones,Fantasy,1971,52.07,178
236,The Hidden Stars,Olivia Lopez,Non-Fiction,1953,145.04,39
237,The Golden Empire,John Brown,History,1950,34.97,150
238,The Forgotten Empire,Noah Martinez,Fantasy,1958,37.22,192
239,The Golden Dreams,Amelia Hernandez,Fantasy,1965,117.22,14
240,The Lost Kingdom,Ava Anderson,Non-Fiction,1953,110.32,68
241,The Lost Stars,Amelia Jackson,Fantasy,1961,48.42,17
242,The Hidden Kingdom,Michael Thomas,Fiction,1963,64.26,42
243,The Whispering Journey,John Wilson,History,2003,35.56,154
244,The Hidden Stars,Charlotte Gonzalez,History,2015,24.94,34
245,The Hidden Dreams,Noah Miller,Fantasy,1996,62.81,153
246,The Hidden Secrets,Isabella Gonzalez,History,2007,110,63
247,The Broken Empire,Michael Miller,History,2021,5.46,100
248,The Whispering Legends,Ethan Smith,History,2016,55.66,159
249,The Forgotten Stars,Evelyn Martinez,Science,2009,7.73,25
250,The Lost Empire,Harper Brown,Science,1977,108.9,22
251,The Eternal Stars,John Thomas,History,2004,64.77,51
252,The Dark Dreams,Alexander Lopez,History,1980,132.89,11
253,The Sacred Journey,Ethan Moore,Fantasy,1999,100.35,80
254,The Eternal Stars,Ethan Johnson,Non-Fiction,2000,90.42,50
255,The Forgotten Empire,Michael Williams,Science,1970,15.94,94
256,The Whispering Shadows,John Taylor,Science,2006,72.41,198
257,The Forgotten Secrets,Amelia Martin,Non-Fiction,1952,114.85,37
258,The Eternal Forest,Evelyn Gonzalez,Non-Fiction,2019,19.99,122
259,The Eternal Secrets,Daniel Rodriguez,Fiction,1951,101.99,193
260,The Whispering River,Mia Thomas,Science,1983,122.5,127
261,The Hidden Shadows,Alexander Garcia,Non-Fiction,1975,106.25,78
262,The Forgotten Stars,Noah Jackson,History,1973,140.73,25
263,The Dark Kingdom,Isabella Martinez,Science,1952,36.15,120
264,The Sacred River,Daniel Taylor,Fiction,2021,40.43,46
265,The Forgotten Shadows,Harper Moore,Fiction,1997,125.69,88
266,The Silent Dreams,Alexander Smith,Fiction,1972,81.43,98
267,The Lost Journey,James Moore,Science,2010,58.49,171
268,The Forgotten Dreams,Henry Moore,Science,1988,97.39,9
269,The Sacred Secrets,Alexander Taylor,Fiction,1970,29.4,35
270,The Sacred River,Liam Johnson,Fantasy,2009,136.67,119
271,The Silent Dreams,Noah Anderson,History,1961,78.6,92
272,The Silent Kingdom,Olivia Anderson,Science,2021,47.4,68
273,The Silent Journey,Henry Moore,Non-Fiction,1996,112.88,132
274,The Silent Journey,Noah Jones,Science,1952,6.1,64
275,The Golden Forest,Isabella Miller,Science,2003,122.16,131
276,The Golden Empire,Isabella Jackson,Science,1958,19.4,57
277,The Broken Empire,Mia Martinez,Non-Fiction,1973,129.54,191
278,The Broken Stars,Olivia Garcia,History,2003,23.46,167
279,The Lost Journey,Michael Miller,Science,2006,22.46,92
280,The Eternal Empire,Charlotte Taylor,Fiction,2017,65.45,158
281,The Silent Empire,Emma Garcia,Fiction,1960,92.54,185
282,The Lost River,Amelia Martinez,History,1960,122.59,124
283,The Forgotten Forest,Ethan Martinez,Fiction,1992,132.26,169
284,The Eternal Shadows,Mia Jackson,History,1978,112.42,82
285,The Golden Shadows,John Rodriguez,Fiction,1974,74.54,90
286,The Sacred Forest,Ava Smith,History,2001,116.04,104
287,The Hidden Shadows,Mia Wilson,Fantasy,1976,53.1,161
288,The Whispering Kingdom,Evelyn Hernandez,Fiction,1969,70.76,168
289,The Hidden Stars,Evelyn Hernandez,Science,1999,121.75,122
290,The Whispering Legends,Isabella Anderson,Fiction,2022,21.2,141
291,The Hidden Dreams,Isabella Jackson,History,1981,133.44,34
292,The Dark Journey,Amelia Thomas,Non-Fiction,2001,63.53,72
293,The Sacred River,Charlotte Johnson,Fiction,1970,88.27,129
294,The Lost Empire,Lucas Anderson,Non-Fiction,1969,67.67,100
295,The Whispering Forest,Isabella Wilson,Non-Fiction,1954,16.83,199
296,The Whispering Dreams,Michael Gonzalez,Fantasy,2013,80.52,184
297,The Whispering Secrets,Emma Smith,History,1985,92.33,198
298,The Forgotten Empire,Liam Garcia,Non-Fiction,1993,58.63,89
299,The Forgotten Forest,Evelyn Williams,Fiction,2022,98.07,54
300,The Whispering Secrets,Sophia Lopez,Science,2008,149.06,108
301,The Lost Forest,Amelia Jones,Non-Fiction,1968,53.67,63
302,The Sacred Kingdom,Charlotte Rodriguez,Non-Fiction,1952,10.92,44
303,The Lost Empire,Emma Smith,Science,1983,9.1,94
304,The Eternal Secrets,Michael Brown,Non-Fiction,1967,70.11,134
305,The Lost Journey,Ethan Lopez,Non-Fiction,1975,54.39,111
306,The Golden Dreams,Daniel Taylor,History,1997,138.86,180
307,The Eternal Journey,Isabella Johnson,Non-Fiction,2020,29.89,21
308,The Hidden Empire,Isabella Garcia,Fantasy,1979,16.73,178
309,The Silent Stars,Isabella Thomas,Science,1966,6.29,17
310,The Broken Stars,Harper Taylor,Science,2009,131.12,200
311,The Hidden Empire,Daniel Garcia,Non-Fiction,2003,80.23,173
312,The Broken Forest,Harper Williams,Fiction,1951,124.89,45
313,The Lost Kingdom,Evelyn Miller,Science,2015,143.21,90
314,The Broken Journey,Lucas Brown,Non-Fiction,1960,70.16,182
315,The Eternal Shadows,Mia Wilson,Fantasy,1980,144.55,81
316,The Lost Journey,Charlotte Brown,History,1993,130.11,14
317,The Broken Dreams,Emma Davis,Fiction,2000,144.07,55
318,The Dark River,Ava Hernandez,Non-Fiction,1983,98.69,129
319,The Whispering Forest,Ethan Rodriguez,Fantasy,1950,144.63,147
320,The Eternal Kingdom,Ethan Jones,Science,1992,48.51,145
321,The Eternal Journey,Daniel Wilson,Fiction,1997,98.23,8
322,The Whispering Journey,Daniel Moore,History,2010,102.68,140
323,The Golden Empire,Michael Taylor,Fantasy,2000,114.6,2
324,The Whispering Kingdom,James Martinez,Fiction,2020,94.9,20
325,The Golden Legends,Charlotte Garcia,Science,1995,7.71,144
326,The Golden Kingdom,Mia Moore,Non-Fiction,1952,12.14,128
327,The Silent Empire,Charlotte Rodriguez,Science,2003,139.62,130
328,The Golden River,James Martin,Fiction,1952,98.8,78
329,The Broken Legends,Olivia Hernandez,Science,2009,132.96,167
330,The Golden Empire,Isabella Miller,History,1980,77.05,158
331,The Silent Empire,James Lopez,Fantasy,1994,61.36,153
332,The Silent Kingdom,Mia Thomas,Science,1974,45.79,98
333,The Whispering River,Ethan Gonzalez,Fantasy,2001,121.72,42
334,The Eternal River,Lucas Williams,Science,1970,147.05,176
335,The Sacred Dreams,Noah Miller,Science,2018,51.42,28
336,The Hidden Forest,Michael Moore,History,2018,21.42,111
337,The Golden Dreams,John Lopez,Non-Fiction,2007,121.39,169
338,The Hidden River,Alexander Rodriguez,History,1961,29.71,120
339,The Whispering Kingdom,Olivia Hernandez,Fantasy,1957,5.22,4
340,The Sacred Stars,Mia Martinez,History,1959,53.74,61
341,The Silent River,Amelia Thomas,Science,1966,136.5,72
342,The Dark Forest,Olivia Hernandez,Fiction,1983,132.61,53
343,The Eternal Shadows,Amelia Johnson,History,2009,137.04,57
344,The Eternal Dreams,Amelia Jackson,Fiction,2023,85.22,95
345,The Silent Stars,Sophia Davis,Fantasy,1997,100.21,48
346,The Silent River,Olivia Davis,Non-Fiction,2015,28.92,182
347,The Broken River,Emma Johnson,Fantasy,2024,45.05,30
348,The Forgotten Journey,Lucas Garcia,Fiction,2010,23.63,120
349,The Hidden Secrets,John Williams,Fiction,1974,139.58,166
350,The Silent Shadows,John Rodriguez,Science,1963,72.27,192
351,The Hidden Journey,Liam Davis,History,1975,140.48,112
352,The Dark Empire,John Gonzalez,Fiction,1958,91.55,71
353,The Whispering Stars,Mia Brown,Science,1964,33.93,139
354,The Hidden Secrets,Emma Wilson,Science,2003,8.32,104
355,The Dark Journey,James Martin,Fantasy,1993,43.94,37
356,The Forgotten Legends,Liam Lopez,Non-Fiction,2015,126.94,161
357,The Broken Dreams,Mia Williams,Fantasy,1953,19.55,142
358,The Hidden Empire,James Jones,Fantasy,2015,56.06,78
359,The Forgotten Shadows,Daniel Jones,Science,2021,93.24,71
360,The Dark Dreams,Isabella Hernandez,Fiction,2025,108.04,44
361,The Golden Kingdom,Alexander Anderson,Fiction,1965,68.48,105
362,The Lost River,Michael Williams,Non-Fiction,2010,54.27,137
363,The Whispering Secrets,James Anderson,History,2007,37.25,38
364,The Golden Secrets,John Garcia,History,2018,125.77,82
365,The Hidden Shadows,Liam Gonzalez,History,1961,50.18,65
366,The Broken Dreams,Ava Lopez,Fiction,1977,76.23,65
367,The Whispering Secrets,James Garcia,History,1954,66.11,153
368,The Golden Empire,Lucas Garcia,Non-Fiction,1982,65.27,53
369,The Golden Stars,James Smith,Non-Fiction,1994,141.24,139
370,The Dark Journey,Alexander Taylor,History,2025,133.77,191
371,The Silent Secrets,Ethan Rodriguez,Fiction,2014,36.94,120
372,The Lost Shadows,James Gonzalez,Fiction,2019,102.77,26
373,The Golden Forest,Emma Garcia,Fiction,2008,102.78,134
374,The Forgotten Forest,Amelia Miller,Fiction,1972,144.51,180
375,The Dark Secrets,Amelia Smith,Fiction,1952,55.02,41
376,The Golden Legends,Harper Garcia,History,2003,50.78,131
377,The Whispering Secrets,John Miller,Fantasy,2013,143.03,63
378,The Sacred Kingdom,Daniel Garcia,Fiction,1989,102.05,51
379,The Lost Kingdom,Ethan Jackson,Fantasy,2025,13.06,136
380,The Broken Journey,Ethan Jones,Fantasy,1968,122.92,162
381,The Silent River,John Wilson,Fiction,1994,53.55,98
382,The Sacred Empire,Noah Davis,Fiction,1988,74.73,196
383,The Sacred Secrets,Charlotte Smith,Science,1958,110.1,143
384,The Broken Journey,Mia Martinez,History,2006,25.65,17
385,The Dark Secrets,Harper Smith,Science,1975,87.08,125
386,The Silent Forest,Evelyn Jones,History,2014,91.07,70
387,The Forgotten Empire,Henry Garcia,Fantasy,1982,41.96,143
388,The Golden Dreams,Alexander Anderson,Fiction,1980,65.53,120
389,The Hidden Dreams,Ava Smith,Fantasy,2019,12.39,111
390,The Lost Dreams,Daniel Martin,Fantasy,2004,135.76,113
391,The Golden Journey,Liam Hernandez,Science,1979,48.66,188
392,The Sacred Shadows,Mia Jones,Science,1961,80.32,3
393,The Dark Empire,Mia Anderson,Fantasy,2010,148.55,5
394,The Golden Journey,Daniel Moore,Fiction,2008,6.66,137
395,The Golden Kingdom,Harper Smith,Fiction,1988,26.19,124
396,The Silent Empire,Alexander Jackson,Science,1956,90.95,52
397,The Sacred River,Amelia Williams,Fantasy,2007,45.8,155
398,The Broken Dreams,Sophia Martin,Fiction,1961,16.77,140
399,The Forgotten Empire,Amelia Lopez,Science,2002,53.32,157
400,The Hidden Kingdom,Olivia Lopez,Fantasy,2022,42.44,27
401,The Sacred Shadows,Evelyn Martin,Fantasy,1963,116.71,16
402,The Hidden Secrets,Charlotte Lopez,Fantasy,2002,141.77,7
403,The Golden Forest,Michael Thomas,Science,1968,15.52,10
404,The Sacred Forest,Sophia Jackson,Non-Fiction,1953,97.21,152
405,The Golden Stars,Evelyn Smith,Non-Fiction,1996,35.32,92
406,The Lost Secrets,Harper Davis,Non-Fiction,1953,117.09,23
407,The Sacred Stars,Michael Moore,Fiction,2022,117.83,124
408,The Dark Kingdom,Isabella Brown,Fantasy,2012,23.14,81
409,The Whispering Empire,Olivia Rodriguez,History,1966,97.85,188
410,The Dark Empire,Olivia Jones,History,1998,60.12,76
411,The Eternal River,Noah Wilson,Science,1951,108.58,125
412,The Eternal River,Henry Jones,Science,1988,100.11,68
413,The Silent Empire,Liam Johnson,History,2022,63.59,54
414,The Golden Forest,Alexander Hernandez,History,1972,27.3,81
415,The Sacred River,Charlotte Rodriguez,Non-Fiction,1962,30.84,9
416,The Golden Kingdom,James Hernandez,Fantasy,1975,90.16,142
417,The Broken Shadows,Mia Martin,Fiction,1960,7.76,80
418,The Eternal Secrets,Lucas Thomas,Science,1962,69.14,2
419,The Forgotten Shadows,Lucas Smith,Science,1978,57.54,64
420,The Whispering Secrets,Henry Martinez,Non-Fiction,1983,113.74,28
421,The Dark Legends,Emma Taylor,Fantasy,2003,102.82,139
422,The Broken Legends,Sophia Gonzalez,Non-Fiction,2002,123.76,157
423,The Sacred Secrets,Liam Thomas,History,1952,94.98,74
424,The Sacred Stars,Daniel Martinez,Fiction,1977,62.38,11
425,The Lost River,Isabella Moore,Non-Fiction,1986,142.55,135
426,The Golden Legends,Lucas Smith,Fiction,1954,146.19,80
427,The Forgotten Kingdom,Harper Moore,Fantasy,1972,73.21,113
428,The Broken Kingdom,Evelyn Gonzalez,History,1960,137.01,18
429,The Dark Stars,James Garcia,Fiction,1980,34.92,82
430,The Silent Stars,John Williams,Fiction,2008,10.25,29
431,The Forgotten Journey,Alexander Davis,History,2011,117.44,62
432,The Eternal Forest,Evelyn Moore,Science,2018,49.14,130
433,The Lost Empire,Noah Johnson,Fantasy,1994,95.81,3
434,The Lost Secrets,Ava Smith,Science,2001,146.01,60
435,The Eternal Stars,Ava Jones,Non-Fiction,2005,126.71,38
436,The Lost Legends,Evelyn Moore,Science,1986,106.39,125
437,The Forgotten Stars,Lucas Rodriguez,Non-Fiction,1986,36.2,62
438,The Eternal Stars,Ethan Martin,Fantasy,1953,95.88,60
439,The Sacred Forest,Ethan Moore,History,1974,37.93,146
440,The Lost River,James Gonzalez,Science,2022,126.47,174
441,The Golden Secrets,Ava Williams,Fiction,2003,80.62,151
442,The Sacred Forest,Liam Gonzalez,Fiction,1955,133.96,101
443,The Hidden Shadows,Henry Moore,Fantasy,1955,145.93,88
444,The Sacred Journey,Ethan Martin,Fiction,2009,141.33,128
445,The Lost River,Emma Jackson,Fantasy,1955,85.28,148
446,The Hidden Kingdom,Isabella Martinez,Fiction,2003,28.21,62
447,The Lost Secrets,John Johnson,Fantasy,1990,31.94,175
448,The Eternal Secrets,Ava Williams,Fiction,1951,42.44,126
449,The Forgotten Dreams,John Gonzalez,Fiction,1979,10.32,176
450,The Eternal Empire,Evelyn Thomas,Fiction,1983,20.05,42
451,The Lost Stars,Emma Lopez,Fantasy,1951,68.18,31
452,The Dark Secrets,John Taylor,Fiction,1955,109.65,185
453,The Golden Dreams,Mia Hernandez,Fiction,1955,126.02,163
454,The Whispering Dreams,Emma Jackson,Fiction,2014,63.29,42
455,The Eternal Legends,Isabella Lopez,History,1961,136.74,129
456,The Broken Secrets,Isabella Brown,Fiction,1978,140.06,198
457,The Sacred Stars,Emma Garcia,Non-Fiction,1987,81.96,9
458,The Silent Stars,Isabella Moore,Science,2008,81.5,180
459,The Eternal Shadows,Amelia Martin,Fiction,1982,10.38,69
460,The Eternal Stars,Harper Lopez,History,2006,82.09,163
461,The Lost Shadows,Daniel Jones,Science,1956,92.23,59
462,The Forgotten Journey,Daniel Miller,History,2012,80.91,174
463,The Forgotten Shadows,Isabella Smith,Science,2005,16.86,5
464,The Broken River,Isabella Smith,Fantasy,1958,74,42
465,The Whispering Dreams,Henry Hernandez,Fiction,1958,126.03,196
466,The Golden Kingdom,Isabella Rodriguez,Science,1981,78.22,5
467,The Dark Legends,Mia Hernandez,Science,1951,7.63,169
468,The Dark Journey,Lucas Gonzalez,History,1967,110.39,72
469,The Sacred Shadows,Ava Rodriguez,Fantasy,2021,111.76,153
470,The Hidden Stars,Mia Garcia,History,1984,106.12,114
471,The Forgotten Legends,Michael Jackson,Fantasy,1965,126.33,15
472,The Hidden Legends,Charlotte Martinez,Fiction,1983,137.85,23
473,The Eternal Secrets,Harper Anderson,Fiction,1984,129.47,144
474,The Dark Legends,Amelia Williams,History,1988,132.34,117
475,The Lost Legends,Ethan Martin,Fiction,2020,108.9,104
476,The Whispering Legends,Mia Thomas,Non-Fiction,1988,53.3,188
477,The Lost Dreams,John Jackson,Non-Fiction,1994,80.97,80
478,The Silent Legends,Sophia Jones,Science,2025,129.65,161
479,The Lost Shadows,Ethan Hernandez,Fantasy,1976,51.63,51
480,The Hidden Forest,Charlotte Taylor,Fantasy,1979,12.34,12
481,The Silent Dreams,Henry Brown,Fiction,2018,21.96,18
482,The Eternal Journey,Liam Brown,History,1969,98.57,66
483,The Eternal Kingdom,John Garcia,History,1973,116.29,136
484,The Golden Empire,Michael Brown,Fantasy,1968,71.1,163
485,The Golden Legends,Ava Brown,History,1994,86.08,155
486,The Whispering Journey,Ethan Davis,Non-Fiction,1960,86.7,8
487,The Sacred Shadows,Noah Taylor,Fiction,1953,142.6,109
488,The Eternal Dreams,Lucas Miller,Fiction,1959,116.24,113
489,The Eternal Journey,Noah Anderson,History,2012,6.76,146
490,The Eternal Stars,Ava Johnson,Science,2001,48.25,180
491,The Eternal Stars,Charlotte Williams,Non-Fiction,1969,146.37,89
492,The Eternal Journey,Emma Rodriguez,History,1978,65.49,108
493,The Broken Forest,Harper Davis,Fantasy,1955,113.42,64
494,The Eternal Kingdom,Evelyn Wilson,Fiction,2010,6.14,132
495,The Silent Journey,Ethan Gonzalez,Non-Fiction,1989,137.42,181
496,The Forgotten Legends,Daniel Lopez,History,1958,75.65,117
497,The Broken Kingdom,Alexander Anderson,Non-Fiction,1991,136.86,45
498,The Lost Empire,John Gonzalez,Science,1974,49.66,148
499,The Dark Stars,Ava Smith,Science,1960,77.42,99
500,The Forgotten Empire,Amelia Johnson,Fiction,1985,28.37,194
